user_id,total_distance_km,average_speed_kmh,maximum_speed_kmh,number_of_locations,average_time_spent_minutes
0,3698.4875456409395,6.781411502541467,200.0,52014,2.1136031709514773
1,541.369686862939,7.610632827871626,200.0,30151,0.6997543129509761
2,3068.4726098508722,9.19440227911173,200.0,65933,0.869111436095567
3,8912.712755801625,8.77407828725974,200.0,131038,0.7554960987251301
4,6285.4333176723185,7.320590272472523,200.0,110382,0.9127447767432793
5,1979.8701726311199,4.078815390912227,200.0,21062,1.9288567821530975
6,706.2988608101452,11.699175756436045,200.0,17227,2.2193821342548956
7,959.687079036301,5.877712024023922,200.0,30808,0.8567273853924308
8,420.98484061319164,12.15164344518033,200.0,31309,0.9038135883284132
9,307.57923748211067,5.121334205454813,200.0,10613,0.8686603794396647
10,40194.363229468385,42.718178539435606,200.0,657383,0.9161291995189095
11,521.4570451980262,6.177141037268418,200.0,33851,1.2534905234408555
12,4402.963605024514,34.01909769622265,200.0,96999,0.7781087120079043
13,2559.294651603534,12.7411610231365,200.0,54112,0.7837673703526901
14,4224.083533671454,28.47295168302157,200.0,116042,0.663362544176893
15,759.8811109260049,9.607539431054482,200.0,31386,2.2166674265219903
16,668.9789550806332,12.056846480980521,200.0,35440,0.8369240448666249
17,14560.57891150436,27.034487245237813,200.0,291304,0.34676350506134257
18,1161.1951821723403,27.6259173015991,200.0,40143,1.262242574222523
19,673.4472866096779,17.034304556597096,200.0,37056,1.1154573714731795
20,561.6234365036262,7.954325625758376,200.0,20496,1.0018001463304818
21,940.5466722859146,15.122090010404346,200.0,2299,2.898546470999301
22,4412.371842873956,5.758578508652177,200.0,72261,0.6072967685325222
23,3618.3451913291497,17.639223389682062,200.0,43327,0.6736312145132254
24,5103.811481415234,13.547452764497137,200.0,92268,0.882150014042705
25,27007.413851828846,11.63925255141102,200.0,207018,0.47638828693671165
26,1156.0551145706281,20.47311034389306,200.0,84746,0.9198880136917075
27,54.17398164924382,7.049341372486163,175.12671487680637,4966,1.0107686355429455
28,2167.6148233730232,15.180513974786095,200.0,47563,1.032656991956585
29,767.4321033287125,23.089578419444354,200.0,23968,1.1534460824070099
30,4633.924453727154,13.285240159442843,200.0,135252,0.46047353023307164
31,200.01367089311242,34.0309189622975,200.0,15433,0.9909579332418837
32,200.23067743482875,3.962257403006571,200.0,6199,2.7639394740819103
33,392.2455207003514,12.519954608626055,200.0,28179,0.6576364078086145
34,2208.290597414116,18.959152562482394,200.0,98913,1.4245924508150982
35,1030.3624505623711,2.3005518580280913,200.0,18346,0.3544590685441917
36,1857.520216684811,15.911079266753479,200.0,95815,0.9089159685098536
37,3965.247554975165,12.96702232840475,200.0,96661,1.4385481347522178
38,2479.7651338495084,6.305108192723525,200.0,59320,0.9618643108844434
39,4858.120103877952,7.839118227975,200.0,73876,0.8262457187463816
40,374.26508188618965,3.921616206077032,200.0,12914,2.474126542052738
41,13247.971039028615,30.25800860503676,200.0,447430,0.20325371807995016
42,5253.547763831783,8.803394653458252,200.0,76151,1.2930862918864439
43,765.7859732549757,14.712491514499959,200.0,32534,2.052931896736834
44,729.882717854286,5.324772874241769,200.0,21070,3.01673064744207
45,199.5999510527016,7.453845556238518,118.41085662922772,3924,15.549685469732905
46,493.09525912806504,12.833384713043463,200.0,10475,15.93246325663825
47,159.57995047169607,4.523167825418157,176.68488065621574,721,14.58103375527426
48,323.46040330615904,24.986780392449322,145.27000615883833,6245,0.34602614955193184
49,150.7748680394884,40.774123139311534,125.73578666921098,2410,0.09987885743432796
50,2078.0249422340416,11.24422524274407,200.0,70734,0.353695215703504
51,1132.2265277829258,15.1172332248311,200.0,13704,12.867824332530216
52,10901.57955152903,9.655133359781392,200.0,89072,1.1117189615193879
53,585.6901720343595,10.341837161024527,200.0,325,34.96646825396825
54,46.71572521059772,6.954885209938061,200.0,2042,2.658253138075314
55,742.7586702959281,11.589667379818971,200.0,9638,58.023754829831155
56,115.41846993157496,15.775880445916568,130.37317361114452,2823,78.68585164835166
57,243.93928696198228,8.839486508799821,200.0,2493,5.138767597232165
58,271.39597908342904,5.579943918319101,200.0,6573,94.21358545746878
59,75.1621210490953,5.251708136794714,200.0,5493,10.922752628972589
60,0.7324059667688602,6.427629034458914,57.09185091539395,17,160.77254901960785
61,720.5099673340051,13.743854113814967,200.0,2520,4.911089285714286
62,430368.07290268375,14.749589770246413,200.0,145077,1.629396178850466
63,464.9761388082378,7.2146282407755,200.0,5490,8.525545769949293
64,368.46452833066104,9.02087028088107,200.0,19032,0.40159620337906077
65,1582.1544607116218,3.1310799548647203,200.0,38169,3.0357205672104666
66,2044.0573010612313,18.7738958760054,200.0,34867,3.6141456192396157
67,6346.200572602757,20.904406523366404,200.0,190229,1.160195712914939
68,5142.849161695629,7.0765106588478055,200.0,169577,0.5588671814468722
69,670.4277031899525,7.227600666020466,200.0,5505,5.067416605942838
70,491.7308962414411,22.004607973032627,200.0,17671,0.38771912435218486
71,2092.633708199176,33.308883739010305,200.0,67840,1.657206701655228
72,8.456095481553737,2.5668077825655904,23.15680036946176,81,15.587448559670781
73,651.3167065983648,6.429511239600516,200.0,8831,3.5226830493412153
74,1558.9727848936036,23.623404905238942,200.0,92724,1.799181170720972
75,704.4664614111163,11.6138867320625,200.0,9409,2.251605547406321
76,295.8294874381198,15.049629243555799,114.01015677943735,894,11.331564342698577
77,49.36685670275011,11.48693832309015,200.0,2820,0.6552958015267175
78,862.7451467974159,18.098055689952346,200.0,24827,2.314545912149632
79,277.55857655251157,12.951194676286637,122.084462639789,6384,2.9392333007204487
80,74.73686963003428,9.84630553307325,200.0,705,18.595053914674168
81,272.5855539625888,8.718157422099214,200.0,18785,2.6708122420078944
82,22079.415575383013,16.019804523257374,200.0,44664,6.032036585200941
83,1850.0179053462195,9.457407669525313,200.0,12414,10.769053121077258
84,28437.00398853663,12.87692684207188,200.0,143759,1.4950023920345252
85,4751.479305327195,9.011029091912608,200.0,121671,1.4188301183533543
86,123.81410320478872,11.897746863685777,98.26290698664975,544,18.210754604872253
87,4.7318044130991215,3.906735451934651,117.5999296274182,139,47.479714912280706
88,155.7673916606173,5.776763302194528,200.0,13682,0.8467431249229251
89,4119.138144817013,20.309933627515907,200.0,21669,5.219629785353127
90,51.85056193222868,7.127836177078218,187.27739532318702,310,32.44401041666667
91,2506.009423944419,12.99168252257271,200.0,5983,20.46358743217224
92,2296.0521860346175,10.015333626799254,200.0,21689,6.77184722721284
93,48.357098175319415,3.974284300992706,200.0,2628,7.343668989285982
94,243.93928696198228,8.839486508799821,200.0,2493,5.138767597232165
95,366.0817904560158,6.77670234044567,200.0,8629,5.497475068958201
96,615.0214935849299,4.288733008103525,200.0,26993,0.9622993710363545
97,69.16177979712523,7.940288364921346,200.0,1135,68.56043543543544
98,74.55880947821643,6.202352837217263,138.03825943585028,791,16.27039770397704
99,3660.9693091449744,34.460400726476536,200.0,1257,121.25630097342805
100,24.704673736052623,8.975093702700809,200.0,1951,2.5614351925843053
101,1636.8013260372354,10.702873149547203,200.0,7700,22.294523705536953
102,188.0566358332363,7.865221959043714,200.0,4082,16.188140161725066
103,493.31209043845865,7.452023653138285,200.0,14327,0.9531459609215513
104,1431.834368605058,7.512916276902676,200.0,19933,11.842935970893503
105,217.87703798580404,9.371382170447015,200.0,1861,6.113117518125105
106,407.00264499535444,16.099192781739983,200.0,1734,1.7971116708648194
107,11.253949471231245,3.1738871888033424,90.26269108349175,197,34.345644891122284
108,227.36963614846366,12.25555480127354,144.5247281712429,479,19.122486225895315
109,41.37347448783194,17.489598996653942,100.68984819166755,540,7.465910364145658
110,296.30827568819075,13.031231954215455,200.0,4519,28.911195652173916
111,6310.309508945722,12.947651746266068,200.0,15052,78.8103767019009
112,1239.495821507988,6.551972789177954,200.0,20968,2.7961927056303346
113,355.7526860068646,9.920832830932712,82.87330000464266,5411,1.4105709782180371
114,356.50102814297816,23.47477419847029,112.34230080045438,7496,112.54765244891338
115,9822.300473221616,26.83719788612176,200.0,49705,4.916318195090178
116,11.295521738435017,9.456634963348874,40.38276327049333,745,1.7268164942985944
117,22.118380322041112,8.473871033057042,200.0,284,54.82096774193548
118,298.6725322746924,29.87932786713602,200.0,1329,14.633198529411766
119,820.9072230534861,5.932360036103369,200.0,24715,0.9733097795001318
120,288.89112244099925,22.463438405383506,200.0,8366,0.15102110173942598
121,129.79767646377064,5.592577272801732,200.0,2314,2.0135767964722686
122,1045.2389053263626,15.043894076857331,200.0,31959,2.8365779195266816
123,789.0362993931695,4.427021110942481,139.42777187820707,3024,0.6991636459749283
124,6200.660883708104,48.13554527283789,200.0,101496,0.07975448119687294
125,2047.1252348879962,15.03631753838034,200.0,44743,2.4812209734519786
126,4040.8935862648427,13.641983182236968,200.0,126972,1.1395924616166817
127,2294.9640628324246,24.774411878886678,200.0,17400,0.599031491124433
128,60865.21440860235,15.407516680259077,200.0,404907,1.6995262691023192
129,642.4458149244222,7.253933762379341,200.0,5374,4.960255860929179
130,256.7656760782917,11.480489561099338,200.0,23811,3.300975609756098
131,608.5526672374046,29.92668844522657,190.27410429366165,39163,2.687195894906837
132,282.95920900276553,18.12590568842404,139.55800125933925,10295,4.811225229930078
133,399.49602214848977,15.772593397650594,200.0,4374,28.831794377067254
134,1067.3902479392052,16.90865756598588,200.0,3431,99.46692720859387
135,956.3571882977146,37.48585912219796,200.0,68797,0.5729225891531634
136,99.70490972287101,6.831357551233226,160.4347434430992,1135,26.1527820316488
137,646.1489737784216,32.2995821074856,200.0,13175,0.09007839007839007
138,99.03578674365437,4.61727996609374,200.0,2191,21.749730611087482
139,1574.4396927839919,8.512316401437538,200.0,1280,38.02264104459226
140,51601.89280803017,21.175746058066707,200.0,167209,3.722045707589772
141,392.1967290659242,1.9855071975225795,200.0,18209,0.28425351239520485
142,32719.444378390803,15.962046141300995,200.0,67760,11.22980407665655
143,9.839380243508474,2.197235213245496,55.761638631353335,840,0.14933796756041046
144,33173.443474607484,34.303533611640816,200.0,357181,1.269822632246582
145,46.530793099226955,2.847361233610389,200.0,3433,9.457210389959961
146,18.715000481562658,5.106898332350344,166.25123958641828,248,44.997242647058826
147,328.6232538777322,5.948600420468877,200.0,8360,3.552515908845023
148,699.7612312806839,41.42084078777554,200.0,38335,1.9563793927803013
149,199.92665893040086,12.563535443787186,200.0,5043,0.10270083648989899
150,243.93928696198228,8.839486508799821,200.0,2493,5.138767597232165
151,12.041736880870918,2.357711119341017,105.57040048406355,555,0.21800302571860816
152,39.07996025523814,6.081271121406069,200.0,3644,0.27916092386083613
153,95191.9101143885,18.59808301706878,200.0,748851,1.197325514118259
154,196.2518990034235,6.96598908369598,200.0,2353,10.385354052823317
155,568.1281132037637,16.128711803458337,200.0,21187,2.809694405039552
156,119.5728138433503,17.710147165045537,200.0,11437,0.21982244885421146
157,749.9098605895872,14.315685311370252,200.0,2252,5.627079999999999
158,1916.171360165695,5.10248251706664,200.0,3107,11.307379367720467
159,891.8417156037231,12.197093463995786,200.0,12731,1.4860799951820498
160,112.38410996569567,11.98082607186416,200.0,10747,0.10810904927166702
161,31.046870640794957,4.757701720838892,104.04377538879059,715,29.100813516896118
162,472.7141407347524,14.225135433313035,163.47378067781628,334,38.543117010816125
163,144271.1749836573,24.496982519811944,200.0,491597,6.820939695125433
164,29.006028170941956,4.833610738894043,200.0,281,46.47942890442891
165,169.99692445785718,3.1442613788878098,200.0,7554,0.45485363004932844
166,19.117101883446335,6.4560803570486724,200.0,684,6.536997549019609
167,4027.542175911729,12.63063190309441,200.0,150500,0.8350484586708901
168,4546.1524627768185,25.813920513302133,200.0,123428,3.9550490998147723
169,398.58217159716855,18.533114330058524,200.0,16377,0.7341794112980553
170,33.25935855760005,17.994375771762527,200.0,2952,7.437731322823852
171,18.737227876540587,3.062160361084795,49.85070864845112,172,43.27354048964219
172,21458.564229980162,27.022110863275742,200.0,32617,2.3492416352288594
173,30.627829033551535,12.446743315622394,60.312898018958194,804,24.20484536082474
174,802.741298112333,5.7309080058950395,200.0,6343,51.284464978325346
175,204.5375520236466,10.940677110603737,200.0,305,13.355519480519481
176,324.7231108428005,11.962563079865292,200.0,350,37.04483901515152
177,15.27086239950239,5.462151457972719,167.26754964319238,1543,0.07481105470953187
178,0.5194303071154298,3.8732541345370595,61.04329518992188,42,0.08333333333333333
179,772.3486702722271,7.108905193822333,200.0,30956,0.934936987054016
180,940.6765044611323,39.548672555101824,183.24214187066912,40860,1.3777950925101414
181,1080.0024487673206,5.395237031040813,200.0,681,204.85819990295974
